Language,Gold_Label,Examples,Original_Accuracy,Translated_Accuracy,Absolute_Change
hausa,nei,67,0.9701492537313433,0.9402985074626866,-0.02985074626865669
hausa,refutes,43,0.2558139534883721,0.627906976744186,0.37209302325581395
hausa,supports,56,0.5714285714285714,0.625,0.0535714285714286
igbo,nei,53,0.9622641509433962,0.9622641509433962,0.0
igbo,refutes,55,0.2909090909090909,0.6727272727272727,0.38181818181818183
igbo,supports,55,0.5818181818181818,0.5818181818181818,0.0
yoruba,nei,54,0.9259259259259259,0.9814814814814815,0.05555555555555558
yoruba,refutes,54,0.2037037037037037,0.5185185185185185,0.31481481481481477
yoruba,supports,55,0.8545454545454545,0.5636363636363636,-0.2909090909090909
